"<img src=""https://deindach-hemmersbach.com/wp-content/uploads/2021/11/ziegel_weiss-300x162.png"" alt="""" width=""270"" height=""230"" class=""alignnone size-medium wp-image-4408"" />","<img src=""https://deindach-hemmersbach.com/wp-content/uploads/2021/12/kundenbewertung_weiss-300x300.png"" alt="""" width=""250"" height=""250"" class=""alignnone size-medium wp-image-4498"" />"
Dachziegel verlegt,Zufriedene Kunden
20000,20
,
"<img src=""https://deindach-hemmersbach.com/wp-content/uploads/2021/11/workers_weiss-300x300.png"" alt="""" width=""250"" height=""250"" class=""alignnone size-medium wp-image-4407"" />","<img src=""https://deindach-hemmersbach.com/wp-content/uploads/2021/12/dachrinne_weiss-300x296.png"" alt="""" width=""300"" height=""296"" class=""alignnone size-medium wp-image-4496"" />"
Motivierte Mitarbeiter,Meter Rinnen gereinigt
10,2500 m
,
"<img src=""https://deindach-hemmersbach.com/wp-content/uploads/2021/11/haus_weiss-300x219.png"" alt="""" width=""300"" height=""240"" class=""alignnone size-medium wp-image-4409"" />","<img src=""https://deindach-hemmersbach.com/wp-content/uploads/2021/12/handschuhe_weiss-300x300.png"" alt="""" width=""250"" height=""250"" class=""alignnone size-medium wp-image-4497"" />"
Dachflächen saniert,Paar Handschuhe zerstört
10000m²,2000
